sigungu,shelter_name,road_address,facility_name,capacity,time,x_coord,y_coord,longitude,latitude
종로구,혜명경로당,서울특별시 종로구 혜화로9길 24-9,노인시설,100,09:00~18:00,199848.3424,554277.0742,126.99828289155326,37.588054214020836
중구,광희경로당,서울특별시 중구 퇴계로 303-9 광희동주민센터 4층,복지회관,30,09:00~18:00,200445.6728,551660.3136,127.00504443751635,37.56447725070455
중구,약수노인종합복지관,서울특별시 중구 다산로6길 11,복지회관,150,09:00~18:00,200823.3593,550327.4171,127.00931786275356,37.552467630903806
중구,청구e편한세상경로당,서울특별시 중구 청구로 64 청구 e편한세상 109동,노인시설,40,09:00~18:00,201490.1342,551230.4461,127.016865511206,37.56060306248874
중구,현대아파트경로당,서울특별시 중구 다산로 36길 109 현대아파트 정문 앞,노인시설,40,09:00~18:00,202029.533,551219.5846,127.02297045877097,37.56050417080703
용산구,남영동주민센터,서울특별시 용산구 두텁바위로 25,주민센터,10,09:00~18:00,197775.0463,549589.4755,126.97482269164836,37.54581647088692
용산구,원효로2동주민센터,서울특별시 용산구 효창원로8길 3,주민센터,20,09:00~18:00,195718.572,548317.2243,126.9515592980795,37.534346236982856
용산구,이촌제1동주민센터,서울특별시 용산구 이촌로71길 24,주민센터,10,09:00~18:00,197642.3103,546874.8276,126.97332937865019,37.521357139297585
용산구,한남동주민센터,서울특별시 용산구 대사관로5길 1,주민센터,20,09:00~18:00,200044.9289,548340.5896,127.00050833365096,37.534566692213936
성동구,마장국민체육센터,"서울특별시 성동구 마조로11길 6,(마장동)",기타,30,09:00~18:00,203604.4345,551398.4897,127.04079622814254,37.56211128608724
성동구,성동구민종합체육센터,서울특별시 성동구 왕십리로 89(성수동1가),기타,40,09:00~18:00,203892.3683,549596.7343,127.04404560580028,37.54587634209293
성동구,성동책마루,서울특별시 성동구 고산자로 270(행당동),기타,100,09:00~18:00,203260.8501,551544.4933,127.03690807157764,37.5634280528677
성동구,열린금호교육문화관,서울특별시 성동구 무수막길 69(금호동2가),기타,55,09:00~18:00,201756.141,550353.9877,127.01987410940023,37.552705726581706
성동구,서울숲복합문화체육센터,서울특별시 성동구 성수동1가 685-63,기타,60,09:00~18:00,203663.3805,550012.9819,127.04145648298386,37.549627665185625
광진구,아차산경로당,서울특별시 광진구 자양로47길 9-4,노인시설,31,09:00~18:00,208097.9423,550298.2989,127.0916431097417,37.55217008034075
광진구,광나루역버스정류장,서울특별시 광진구 아차산로 571,기타,10,09:00~18:00,209186.5952,549526.825,127.10395354830123,37.545208917338734
광진구,광진문화예술회관버스정류장,서울특별시 광진구 능동로 90 ,기타,10,09:00~18:00,206267.4495,548763.8841,127.07091463688383,37.53835928665653
광진구,광진구청버스정류장,서울특별시 광진구 자양로 117 ,기타,10,09:00~18:00,207266.6572,548715.2851,127.08221993351128,37.53791407956522
광진구,구의역2번출구버스정류장,서울특별시 광진구 자양로18길 96 ,기타,10,09:00~18:00,207847.4391,548787.6056,127.08879206315163,37.53856092861267
광진구,중곡역버스정류장,서울특별시 광진구 능동로 417,기타,10,09:00~18:00,207422.8065,551768.3201,127.08401758484395,37.5654205977238
광진구,자양사거리버스정류장,서울특별시 광진구 아차산로 355,기타,10,09:00~18:00,207302.288,548650.6065,127.08262244140928,37.537331044368365
광진구,잠실대교북단사거리버스정류장,서울특별시 광진구 자양로 46,기타,10,09:00~18:00,207599.1365,548082.9684,127.08597528744026,37.532214228602754
종로구,구립무악경로당,서울특별시 종로구 통일로14길 19,노인시설,30,09:00~18:00,196269.0452,552874.8891,126.95776426146583,37.575413072721815
종로구,동원경로당,서울특별시 종로구 숭인동2길 28,노인시설,35,09:00~18:00,201788.9099,553193.2155,127.02025187655882,37.578286993950606
광진구,신자초등학교버스정류장,서울특별시 광진구 뚝섬로46길 64,기타,10,09:00~18:00,206627.3517,547840.8766,127.07497851167716,37.53004047235066
광진구,화양천주교회버스정류장,서울특별시 광진구 능동로 172 ,기타,10,09:00~18:00,206538.4355,549609.7533,127.07398830496983,37.54597867799767
광진구,군자역버스정류장,서울특별시 광진구 능동로 295 2층,기타,10,09:00~18:00,206931.1435,550737.0888,127.07844279154577,37.55613307429851
광진구,긴고랑어린이공원,서울특별시 광진구 긴고랑로39길 8,기타,15,09:00~18:00,208036.4455,551070.3783,127.09095561570278,37.559127026629476
광진구,구둘어린이공원,서울특별시 광진구 자양로42길 40,기타,15,09:00~18:00,208139.9985,549880.36,127.09211441810461,37.548404091917135
광진구,구의어린이공원,서울특별시 광나루로56길 86,기타,15,09:00~18:00,208401.7982,548592.3689,127.0950622747843,37.536796964849046
광진구,무궁화어린이공원,서울특별시 광진구 구의로16길 93,기타,15,09:00~18:00,208360.1329,549109.956,127.09459674393032,37.54146079752523
광진구,개나리어린이공원,서울특별시 광진구 강변역로 17,기타,15,09:00~18:00,208135.5157,548718.3677,127.09205081644635,37.537934599941806
광진구,가중나무어린이공원,서울특별시 광진구 광나루로14길 36-5,기타,15,09:00~18:00,206003.2071,549681.7165,127.06793230451322,37.546630704899094
광진구,햇님어린이공원,서울특별시 광진구 아차산로25길 30,기타,15,09:00~18:00,205942.1668,549242.1291,127.06723801550258,37.54267042360609
광진구,목련어린이공원,서울특별시 광진구 아차산로59길 49,기타,15,09:00~18:00,208009.532,549004.0814,127.09062846757597,37.54050998004258
동대문구,고황경로당,서울특별시 동대문구 이문로9길 52,노인시설,59,09:00~18:00,204992.5279,554995.3252,127.05653163597354,37.59451207356342
동대문구,답십리3동경로당,서울특별시 동대문구 황물로 30,노인시설,70,09:00~18:00,203992.0241,552735.3031,127.04519037528057,37.574154316307464
동대문구,청량경로당,서울특별시 동대문구 왕산로43다길 5,노인시설,49,09:00~18:00,204174.7016,554081.5958,127.04726598181645,37.5862835169521
동대문구,동부경로당,서울특별시 동대문구 천호대로45길 57,노인시설,10,09:00~18:00,203857.4651,552865.8868,127.04366783249661,37.57533144143663
동대문구,명성경로당,서울특별시 동대문구 무학로28길 22-2,노인시설,20,09:00~18:00,202820.3216,552757.4816,127.03192659612668,37.57435847566712
동대문구,만수경로당,서울특별시 동대문구 약령시로5길 22,노인시설,10,09:00~18:00,203020.4154,553830.7738,127.034196119368,37.58402813807998
동대문구,섬마을경로당,서울특별시 동대문구 고산자로62길 32,노인시설,15,09:00~18:00,203324.2952,554500.3471,127.0376395804502,37.59005989725963
동대문구,제기경로당,서울특별시 동대문구 경동시장로23길 14,노인시설,20,09:00~18:00,203486.4303,554021.5404,127.03947308859597,37.585745285290734
동대문구,전농1동경로당,서울특별시 동대문구 전농로27길 81,노인시설,15,09:00~18:00,204605.3823,553254.7664,127.05213695254616,37.57883178765464
동대문구,청송경로당,서울특별시 동대문구 전농로17길 19-8,노인시설,20,09:00~18:00,204905.1452,553238.7707,127.05553042210589,37.5786861198209
동대문구,화목경로당,서울특별시 동대문구 전농로31길 33,노인시설,10,09:00~18:00,204560.5173,553708.5402,127.05163186504127,37.582920482820555
동대문구,중산경로당,서울특별시 동대문구 답십리로48길 54,노인시설,20,09:00~18:00,205089.574,552314.2146,127.05761189450806,37.57035492170821
동대문구,미나리경로당,서울특별시 동대문구 천호대로87길 43,노인시설,20,09:00~18:00,206016.3019,551589.1451,127.06809612146957,37.56381649481633
동대문구,샛별경로당,서울특별시 동대문구 장한로17길 20,노인시설,10,09:00~18:00,205962.6964,552037.0364,127.06749302339615,37.56785232335135
동대문구,안골경로당,서울특별시 동대문구 천호대로77다길 20,노인시설,15,09:00~18:00,205688.0516,551749.5358,127.06438203311399,37.565263692555106
동대문구,근린경로당,서울특별시 동대문구 장한로 191,노인시설,10,09:00~18:00,206308.5938,553115.6718,127.07141758639573,37.57756846360554
동대문구,늘봄경로당,서울특별시 동대문구 장한로26나길 6,노인시설,20,09:00~18:00,206413.6104,552424.1713,127.07260039638382,37.57133736027783
동대문구,장평경로당,서울특별시 동대문구 한천로28길 27,노인시설,15,09:00~18:00,206047.2317,552636.4518,127.06845483848994,37.57325247336349
동대문구,회기동경로당,서울특별시 동대문구 이문로3길 54,노인시설,15,09:00~18:00,204596.5169,554572.7991,127.05204485544257,37.59070721148594
동대문구,아름경로당,서울특별시 동대문구 휘경동 119-35,노인시설,20,09:00~18:00,206038.1567,554869.726,127.06837050873206,37.593374171264074
동대문구,수복경로당,서울특별시 동대문구 망우로6길 24,노인시설,15,09:00~18:00,204910.6825,554123.6558,127.05559903791854,37.58665884360687
동대문구,휘경2동경로당,서울특별시 동대문구 망우로20가길 34-6,노인시설,20,09:00~18:00,205722.6469,554511.8134,127.0647951735128,37.590151424471514
동대문구,진성경로당,서울특별시 동대문구 이문로16길 19,노인시설,10,09:00~18:00,205275.2071,554975.3121,127.05973233722926,37.59433018082153
동대문구,신이문경로당,서울특별시 동대문구 신이문로8길 32,노인시설,20,09:00~18:00,205597.2293,555772.0025,127.06338475270418,37.601506384749825
중랑구,망우3동주민센터,서울특별시 중랑구 겸재로61길 40,주민센터,20,09:00~18:00,208386.5498,554708.6207,127.0949596697009,37.591904229152796
중랑구,망우본동주민센터,서울특별시 중랑구 망우로67길 10,주민센터,50,09:00~18:00,208964.4644,555671.8774,127.10151509227063,37.600577629705384
중랑구,면목2동주민센터,서울특별시 중랑구 동일로101길 20-15 ,주민센터,20,09:00~18:00,206979.8293,554470.8012,127.0790293299491,37.58977323568143
중랑구,면목3.8동주민센터,서울특별시 중랑구 사가정로51길 48,주민센터,50,09:00~18:00,207778.8553,553714.9909,127.08806829360886,37.5829570424704
중랑구,면목4동주민센터,서울특별시 중랑구 면목로 246,주민센터,20,09:00~18:00,207562.0855,552797.5486,127.08560467316967,37.57469275648243
중랑구,면목5동주민센터,서울특별시 중랑구 동일로 619 ,주민센터,30,09:00~18:00,207021.4763,554026.7751,127.07949662404735,37.5857722801362
중랑구,면목7동주민센터,서울특별시 중랑구 면목로36길 4,주민센터,50,09:00~18:00,207602.3131,553137.5544,127.08606358469484,37.57775585536157
중랑구,면목본동주민센터,서울특별시 중랑구 면목로 397,주민센터,70,09:00~18:00,207731.8865,554197.7921,127.08754163091656,37.587307438425185
중랑구,묵1동주민센터,서울특별시 중랑구 공릉로2가길 5,주민센터,30,09:00~18:00,206929.3131,556983.1319,127.07848113347461,37.61240946094611
중랑구,묵2동주민센터,서울특별시 중랑구 중랑역로 181 2층,주민센터,15,09:00~18:00,206699.531,556665.7806,127.07587572744474,37.60955186473843
중랑구,상봉1동주민센터,서울특별시 중랑구 상봉중앙로1길 6,주민센터,15,09:00~18:00,207696.7688,555587.1443,127.0871586214232,37.59982566768725
중랑구,상봉2동주민센터,서울특별시 중랑구 동일로114길 10,주민센터,40,09:00~18:00,207140.7749,554824.6767,127.08085508903233,37.59296038879691
중랑구,신내1동주민센터,서울특별시 중랑구 용마산로129나길 35,주민센터,15,09:00~18:00,208785.1655,556265.1115,127.09949180247845,37.60592433244189
중랑구,신내2동주민센터,서울특별시 중랑구 봉화산로 190,주민센터,20,09:00~18:00,208315.0217,556301.0291,127.09416784921426,37.606252314402234
중랑구,중화1동주민센터,서울특별시 중랑구 동일로134길 17,주민센터,50,09:00~18:00,207123.2046,555735.4309,127.08066499835432,37.60116633266231
중랑구,중화2동주민센터,서울특별시 중랑구 동일로129길 1 5층,주민센터,50,09:00~18:00,207024.9688,555539.3136,127.07955067050811,37.59940009064835
성북구,스마트에코쉼터,서울특별시 성북구 정릉로 367-2,기타,10,09:00~18:00,202125.1142,555855.5987,127.0240656977131,37.60227414555224
강북구,미동경로당,서울특별시 강북구 삼양로74길 74,노인시설,30,09:00~18:00,201941.77,558948.5466,127.02199763805521,37.63014164876193
강북구,샛강경로당,서울특별시 강북구 도봉로 96나길 9-1(번동),노인시설,30,09:00~18:00,202859.8709,559937.4076,127.03240235154733,37.63904874440926
강북구,솔샘길경로당,서울특별시 강북구 솔샘로 277-1(미아동),노인시설,40,09:00~18:00,202069.736,557695.8319,127.02344377538016,37.61885457296132
강북구,오동경로당,서울특별시 강북구 오현로 25나길 92(번동),노인시설,60,09:00~18:00,202935.9094,558451.4663,127.03325790100884,37.625660385690985
도봉구,도봉동노인복지센터,서울특별시 도봉구 도봉로169가길 52,복지회관,12,09:00~18:00,203842.9048,564721.123,127.04356530719141,37.682145540588756
도봉구,방아골종합사회복지관,서울특별시 도봉구 시루봉로17길 42,복지회관,25,09:00~18:00,202875.7923,563295.5414,127.03259596421947,37.66930488883595
도봉구,방학동노인복지센터,서울특별시 도봉구 시루봉로15라길 59-9,복지회관,9,09:00~18:00,202840.3847,563435.8224,127.03219517918822,37.670568902785554
노원구,공릉1동주민센터,서울특별시 노원구 동일로186길 3-24,주민센터,10,09:00~18:00,206512.1708,558350.8582,127.07376877373346,37.624735547731554
노원구,공릉2동주민센터,서울특별시 노원구 노원로1길 68,주민센터,10,09:00~18:00,207362.9192,557969.4889,127.08340206057015,37.62129304401212
노원구,상계10동주민센터,서울특별시 노원구 노원로 530,주민센터,10,09:00~18:00,205316.5035,562404.2271,127.0602539541082,37.66126343283989
노원구,상계1동주민센터,서울특별시 노원구 동일로 1697,주민센터,10,09:00~18:00,204847.114,564473.9891,127.05494793479464,37.67991416374718
노원구,상계2동주민센터,서울특별시 노원구 상계로 118,주민센터,10,09:00~18:00,205987.042,561984.7089,127.06784997711146,37.65747952648424
노원구,상계3.4동주민센터,서울특별시 노원구 덕릉로 859,주민센터,10,09:00~18:00,207342.804,563697.678,127.08323178111664,37.672903195670735
노원구,상계5동주민센터,서울특별시 노원구 한글비석로 434,주민센터,10,09:00~18:00,206118.3719,562588.1985,127.06934336946746,37.662915987369445
노원구,상계6.7동주민센터,서울특별시 노원구 노원로 429,주민센터,10,09:00~18:00,205907.9686,561694.4225,127.06695150580327,37.654864611427115
노원구,상계8동주민센터,서울특별시 노원구 동일로227길 97,주민센터,10,09:00~18:00,204548.6293,563012.24,127.05155513620439,37.66674563580801
노원구,상계9동주민센터,서울특별시 노원구 한글비석로 487,주민센터,10,09:00~18:00,205631.1595,562768.3786,127.06382287710154,37.66454249185364
노원구,월계1동주민센터,서울특별시 노원구 석계로 59,주민센터,10,09:00~18:00,205550.8743,557822.9166,127.0628753691592,37.61998516854905
노원구,월계2동주민센터,서울특별시 노원구 초안산로5길 28,주민센터,10,09:00~18:00,204482.8836,559213.8826,127.0507866510356,37.63252340946525
노원구,월계3동주민센터,서울특별시 노원구 마들로 57,주민센터,10,09:00~18:00,206111.2241,557937.0657,127.06922346305153,37.62101008449807
노원구,중계1동주민센터,서울특별시 노원구 한글비석로 279,주민센터,10,09:00~18:00,206835.6985,561436.3936,127.07746249555271,37.65253338266326
노원구,중계2.3동주민센터,서울특별시 노원구 노원로17길 56,주민센터,10,09:00~18:00,206065.7165,560282.4056,127.06872744396895,37.6421415545533
노원구,중계4동주민센터,서울특별시 노원구 덕릉로82길 50,주민센터,10,09:00~18:00,206880.3303,562129.406,127.07797479425683,37.65877696278967
노원구,중계본동주민센터,서울특별시 노원구 중계로 143,주민센터,10,09:00~18:00,207085.3778,560914.2021,127.0802868069503,37.647826638078456
노원구,하계1동주민센터,서울특별시 노원구 노원로 261,주민센터,10,09:00~18:00,206404.4581,560105.7351,127.07256399587781,37.640547483742196
노원구,하계2동주민센터,서울특별시 노원구 공릉로55길 88,주민센터,10,09:00~18:00,205998.6978,559161.4857,127.06795889173698,37.63204267974225
은평구,갈현어버이경로당,서울특별시 은평구 통일로89길 12-6,노인시설,30,09:00~18:00,192821.1028,558367.7806,126.91867850248067,37.62488305286683
은평구,구산거북경로당,서울특별시 은평구 연서로13길 29-7,노인시설,30,09:00~18:00,192299.3529,556686.0397,126.91278590202278,37.60972656247793
은평구,역촌노인복지관,서울특별시 은평구 연서로3나길 11-30,복지회관,30,09:00~18:00,192173.7589,555977.6151,126.91137105550385,37.603342676788124
서대문구,연세로명물거리버스정류소스마트쉼터1,서울특별시 서대문구 연세로 26-1,기타,10,09:00~18:00,194444.0197,550942.6744,126.9371189675003,37.5579947080979
서대문구,DMC파크뷰자이1단지버스정류소스마트쉼터2,서울특별시 서대문구 가재울미래로2,기타,10,09:00~18:00,192748.1685,552765.0204,126.9179077969851,37.57440217399399
서대문구,DMC파크뷰자이2단지버스정류소스마트쉼터3,서울특별시 서대문구 가재울미래로2,기타,10,09:00~18:00,192748.1685,552765.0204,126.9179077969851,37.57440217399399
서대문구,DMC센트레빌아파트버스정류소스마트쉼터4,서울특별시 서대문구 거북골로 120,기타,10,09:00~18:00,192528.4811,552981.8916,126.91541868348651,37.57635441408805
서대문구,DMC파크뷰자이별동상가버스정류소스마트쉼터5,서울특별시 서대문구 가재울미래로2,기타,10,09:00~18:00,192748.1685,552765.0204,126.9179077969851,37.57440217399399
서대문구,신촌전철역버스정류소스마트쉼터6,서울특별시 서대문구 신촌로 99,기타,10,09:00~18:00,194445.7295,550686.4679,126.9371402576588,37.55568630580902
서대문구,서서울농협동신병원버스정류소스마트쉼터7,서울특별시 서대문구 연희로 267,기타,10,09:00~18:00,194338.8046,553490.9817,126.93590850231998,37.58095418758746
서대문구,"DMC래미안e편한세상2,4단지버스정류소스마트쉼터8",서울특별시 서대문구 수색로 100,기타,10,09:00~18:00,192067.1859,552746.7762,126.9101991415622,37.57423218255212
서대문구,신촌기차역버스정류소스마트쉼터9,서울특별시 서대문구 신촌역로20,기타,10,09:00~18:00,194975.8105,550983.8249,126.9431373425672,37.55836852476528
서대문구,초원경로당,서울특별시 서대문구 홍제내 2길 56,노인시설,42,09:00~18:00,194454.3126,554140.8733,126.93721127244518,37.586810366555326
서대문구,홍남경로당,서대문구 증가로 4길 38-9,노인시설,25,09:00~18:00,193592.4191,553089.7434,126.92746203952848,37.57733416712753
마포구,상암동주민센터,서울특별시 마포구 매봉산로2길 16,주민센터,50,09:00~18:00,190696.2976,553202.9597,126.89467467685252,37.57832953875959
마포구,성산1동주민센터,서울특별시 마포구 성산로4길 15,주민센터,120,09:00~18:00,191862.5075,551541.363,126.90789552294913,37.5633696914542
마포구,연남동주민센터,서울특별시 마포구 성미산로29길 17-9 ,주민센터,30,09:00~18:00,193109.2546,551663.5251,126.92200571054887,37.56448053177051
마포구,염리동주민센터,서울특별시 마포구 숭문길 14,주민센터,50,09:00~18:00,195196.9936,549731.7846,126.94564883537494,37.54708885008879
강서구,가양1동주민센터,서울특별시 강서구 허준로 30  ,주민센터,20,09:00~18:00,186279.6935,552229.2379,126.84469356136442,37.569501188618965
강서구,가양2동주민센터,서울특별시 강서구 허준로 93  ,주민센터,20,09:00~18:00,186858.5531,551991.8352,126.85125017154833,37.56737064575326
강서구,가양3동주민센터,서울특별시 강서구 허준로 202 ,주민센터,20,09:00~18:00,187680.7062,551295.2126,126.86056790698166,37.56110547898027
강서구,등촌1동주민센터,서울특별시 강서구 공항대로53가길 55 ,주민센터,20,09:00~18:00,187531.5617,550708.5934,126.85888983368108,37.555818066993176
강서구,등촌2동주민센터,서울특별시 강서구 등촌로 143  ,주민센터,20,09:00~18:00,187848.7152,549247.3851,126.86250335942492,37.54265687389394
강서구,발산1동주민센터,서울특별시 강서구 강서로47길 54  ,주민센터,20,09:00~18:00,185259.8301,550412.5123,126.83318580198682,37.553116868447965
강서구,방화1동주민센터,서울특별시 강서구 방화대로 330 ,주민센터,20,09:00~18:00,183838.6687,552329.4508,126.81706039363296,37.57036451507728
강서구,방화3동주민센터,서울특별시 강서구 금낭화로24길 5  ,주민센터,20,09:00~18:00,183538.7043,553257.9257,126.81364409155314,37.5787246701469
강서구,염창동주민센터,서울특별시 강서구 양천로67가길 63 ,주민센터,20,09:00~18:00,188599.6519,550477.1835,126.87098139111443,37.55374690211357
강서구,우장산동주민센터,서울특별시 강서구 우현로 34 ,주민센터,30,09:00~18:00,186024.8735,549867.6163,126.84185412480696,37.548219297485666
강서구,화곡1동주민센터,서울특별시 강서구 곰달래로 79  ,주민센터,20,09:00~18:00,185999.1084,547906.1844,126.84159995076172,37.53054647092796
강서구,화곡2동주민센터,서울특별시 강서구 곰달래로37길 13  ,주민센터,20,09:00~18:00,187138.8015,548045.7446,126.85449146443327,37.53182049623878
강서구,화곡3동주민센터,서울특별시 강서구 강서로33가길 17  ,주민센터,20,09:00~18:00,185717.8032,549237.1511,126.83839151942193,37.542534128764245
강서구,화곡4동주민센터,서울특별시 강서구 곰달래로57가길 26  ,주민센터,30,09:00~18:00,187667.2656,548376.6372,126.86046481044447,37.53480904837292
강서구,화곡6동주민센터,서울특별시 강서구 화곡로 312  ,주민센터,30,09:00~18:00,186751.529,550266.6104,126.85006990510087,37.55182494270432
강서구,화곡8동주민센터,서울특별시 강서구 곰달래로25길 45  ,주민센터,20,09:00~18:00,186594.1837,548144.6978,126.8483280023259,37.532704310095426
강서구,화곡본동주민센터,서울특별시 강서구 초록마을로5길 29  ,주민센터,20,09:00~18:00,186537.2158,549403.7559,126.84766039887197,37.54404755708714
강서구,등촌3동주민센터,서울특별시 강서구 화곡로63길 96,주민센터,20,09:00~18:00,186561.8069,551048.0283,126.84790855972535,37.55886272906726
강서구,공항동주민센터,서울특별시 강서구 송정로 45,주민센터,20,09:00~18:00,183208.3078,551040.5691,126.80995450618143,37.558740530676324
강서구,방화2동주민센터,서울특별시 강서구 개화동로21길 52,주민센터,20,09:00~18:00,182846.851,552482.3217,126.8058299078864,37.57172393565637
구로구,가리봉동주민센터,서울특별시 구로구 우마2길 35,동주민센터,20,09:00~18:00,190238.962,542575.5447,126.88963845369877,37.48257181888946
구로구,개봉1동주민센터,서울특별시 구로구 경인로33길 51,동주민센터,20,09:00~18:00,186837.8503,544538.9441,126.85114935452306,37.500219957529076
구로구,개봉2동주민센터,서울특별시 구로구 개봉로16가길 17,동주민센터,15,09:00~18:00,187317.3892,543483.098,126.85659063229399,37.49071345084864
구로구,개봉3동주민센터,서울특별시 구로구 개봉로3길 47-5,동주민센터,20,09:00~18:00,187073.1647,542959.715,126.85383824575928,37.48599435956513
구로구,고척1동주민센터,서울특별시 구로구 중앙로3길 18-8,동주민센터,20,09:00~18:00,187868.0645,544556.917,126.86279971048062,37.50039599967948
구로구,고척2동주민센터,서울특별시 구로구 중앙로15길 22,동주민센터,20,09:00~18:00,187497.6599,545256.1819,126.85859892761447,37.5066914569263
구로구,구로1동주민센터,서울특별시 구로구 구일로4길 57,동주민센터,20,09:00~18:00,189015.5023,543738.9005,126.87578828493987,37.493039992401485
구로구,구로2동주민센터,서울특별시 구로구 구로동로 141,동주민센터,20,09:00~18:00,189689.2401,543551.3204,126.88340946377816,37.49135764991777
구로구,구로3동주민센터,서울특별시 구로구 디지털로31길 109,동주민센터,20,09:00~18:00,190300.6275,543105.9868,126.89032867720566,37.48735178730541
구로구,구로4동주민센터,서울특별시 구로구 구로동로28길 94,동주민센터,20,09:00~18:00,190196.8301,543574.9889,126.88914879214532,37.49157642930332
구로구,구로5동주민센터,서울특별시 구로구 구로중앙로28길 66,동주민센터,20,09:00~18:00,190219.3673,544519.7256,126.88939108208343,37.50008879380307
구로구,수궁동주민센터,서울특별시 구로구 오리로15길 32,동주민센터,20,09:00~18:00,185098.2081,543837.0028,126.83149003984678,37.49386902015565
구로구,신도림동주민센터,서울특별시 구로구 신도림로 40,동주민센터,20,09:00~18:00,189443.2105,545373.6499,126.88060131010592,37.50777413758783
구로구,오류1동주민센터,서울특별시 구로구 경인로27길 7,동주민센터,20,09:00~18:00,186304.6827,544184.7059,126.8451263780302,37.49702050925386
구로구,오류2동주민센터,서울특별시 구로구 오류로 45,동주민센터,20,09:00~18:00,185805.8369,543270.0415,126.83950283113302,37.48877181929619
구로구,항동주민센터,서울특별시 구로구 연동로 191-19,동주민센터,20,09:00~18:00,184307.464,542202.7236,126.82258314304644,37.479131008914585
금천구,독산역미세먼지안심쉼터,서울특별시 금천구 독산동 1081-4,기타,15,09:00~18:00,190216.1109,540826.6542,126.88940331404983,37.46681392851322
영등포구,당산1동공립작은도서관,서울특별시 영등포구 양산로23길 11(2층),작은도서관,16,09:00~18:00,190927.0417,547280.1101,126.89736008790881,37.52496715661629
영등포구,대림1동공립작은도서관,서울특별시 영등포구 디지털로441,작은도서관,24,09:00~18:00,191671.8916,544002.1584,126.90582347555087,37.49543972446959
영등포구,문래초등학교,서울특별시 영등포구 문래로 104,학교,21,09:00~18:00,190594.2299,546632.651,126.89360336846288,37.51913021037913
동작구,흑석역미세먼지안심스마트쉼터,서울특별시 동작구 현충로 90,기타,8,09:00~18:00,196785.2115,545512.5712,126.96363967562655,37.5090805725002
동작구,이수역미세먼지안심스마트쉼터,서울특별시 동작구 사당로 310,기타,12,09:00~18:00,198384.7869,542868.1127,126.9817372060787,37.485258012685485
동작구,이수힐스테이트앞미세먼지안심스마트쉼터,서울특별시 동작구 동작동 66-29,기타,8,09:00~18:00,198466.6252,543926.7911,126.98266032559071,37.494796925035274
관악구,국지경로당,서울특별시 관악구 국회단지21길 14,노인시설,80,09:00~18:00,194830.7918,543427.5685,126.94154919417191,37.49028570653702
관악구,신림종합사회복지관,서울특별시 관악구 난곡로 110,복지회관,300,09:00~18:00,192908.0985,540606.7815,126.91983551566567,37.46485741452216
관악구,신본경로당,서울특별시 관악구 남부순환로200다길 7,노인시설,80,09:00~18:00,194393.5817,542570.6295,126.93661196897182,37.482562071270685
서초구,반포2동주민센터,서울특별시 서초구 신반포로15길 16,주민센터,30,09:00~18:00,199511.1897,545013.0598,126.99447172475296,37.50458541622608
서초구,방배2동주민센터,서울특별시 서초구  청두곶길 36,주민센터,30,09:00~18:00,198721.8316,542257.4515,126.98554914230992,37.47975642931267
서초구,양재1동주민센터,서울특별시 서초구 바우뫼로 41,주민센터,30,09:00~18:00,202359.2853,541358.939,127.02667099071031,37.47165861699664
강남구,강남구청버스정류장그린스마트쉼터1,서울특별시 강남구 학동로 426,기타,10,24시간,204189.2955,546427.7235,127.0473875317646,37.51732222249037
강남구,강남구청버스정류장그린스마트쉼터2,서울특별시 강남구 학동로 425,기타,10,24시간,204154.0543,546576.4692,127.04698973877235,37.51866258507462
강남구,강남구청역버스정류장그린스마트쉼터1,서울특별시 강남구 학동로 337,기타,10,24시간,203529.8548,546399.6378,127.03992808557453,37.51707192656283
강남구,강남구청역버스정류장그린스마트쉼터2,서울특별시 강남구 학동로 338,기타,10,24시간,203598.6032,546331.4975,127.04070540203514,37.51645771474604
강남구,"논현동사거리,학동역버스정류장그린스마트쉼터",서울특별시 강남구 학동로 171,기타,10,24시간,202608.2467,546065.0633,127.0295020956018,37.514060462207645
강남구,농협앞버스정류장그린스마트쉼터,서울특별시 강남구 도산대로 443,기타,10,24시간,203929.4309,547186.7284,127.04445211144822,37.524162019742725
강남구,도산공원사거리버스정류장그린스마트쉼터,서울특별시 강남구 도산대로 303,기타,10,24시간,203045.0196,546957.4484,127.0344461652146,37.522099543225536
강남구,"서울상록회관,한국기술센터버스정류장그린스마트쉼터",서울특별시 강남구 테헤란로 305,기타,10,24시간,203871.3256,544875.8102,127.04378262422034,37.5033408054592
강남구,선릉역버스정류장그린스마트쉼터,서울특별시 강남구 테헤란로 413,기타,10,24시간,204534.2955,545124.7799,127.05128199138018,37.505581018211124
강남구,선릉역버스정류장그린스마트쉼터,서울특별시 강남구 테헤란로 408,기타,10,24시간,204455.2485,545001.1557,127.05038723705184,37.50446754270685
강남구,세관앞버스정류장그린스마트쉼터,서울특별시 강남구 학동로 308,기타,10,24시간,203217.8283,546217.8521,127.03639779124426,37.51543517152007
강남구,신사동고개버스정류장그린스마트쉼터,서울특별시 강남구 도산대로 157,기타,10,24시간,202267.7685,546616.2816,127.02565261870537,37.51902785753464
강남구,신사동고개버스정류장그린스마트쉼터,서울특별시 강남구 도산대로 158,기타,10,24시간,202304.7038,546556.8435,127.02607023829687,37.518492226891546
강남구,신사동교회버스정류장그린스마트쉼터,서울특별시 강남구 도산대로 217,기타,10,24시간,202701.5121,546815.9806,127.03055978711907,37.520825983885466
강남구,신사역1번출구버스정류장그린스마트쉼터,서울특별시 강남구 도산대로 120,기타,10,24시간,201933.3523,546360.9353,127.02186908733044,37.51672793989528
강남구,신사역8번출구버스정류장그린스마트쉼터,서울특별시 강남구 도산대로 125,기타,10,24시간,201950.3542,546453.6574,127.02206165001313,37.51756333343884
강남구,씨네시티앞버스정류장그린스마트쉼터,서울특별시 강남구 도산대로 327,기타,10,24시간,203324.9496,547072.5653,127.0376133365255,37.523135783342504
강남구,"아가방빌딩,하나은행버스정류장그린스마트쉼터",서울특별시 강남구 테헤란로 207,기타,10,24시간,203423.8873,544695.3204,127.03872149738574,37.501716349503866
강남구,언북중학교입구버스정류장그린스마트쉼터,서울특별시 강남구 도산대로 218,기타,10,24시간,202726.1886,546743.7406,127.03083866234631,37.520175026864074
강남구,"역삼역,포스코타워역삼버스정류장그린스마트쉼터",서울특별시 강남구 테헤란로 134,기타,10,24시간,202989.1697,544435.5441,127.03380412572001,37.4993772589438
강남구,영동119안전센터버스정류장그린스마트쉼터,서울특별시 강남구 도산대로 332,기타,10,24시간,203380.0518,547006.4906,127.03823637363293,37.52254024853013
강남구,영동시장버스정류장그린스마트쉼터,서울특별시 강남구 학동로 106,기타,10,24시간,202006.5789,545726.3567,127.0226956574799,37.51101020547831
강남구,제일은행버스정류장그린스마트쉼터,서울특별시 강남구 도산대로 306,기타,10,24시간,203082.6007,546884.5247,127.03487098790703,37.52144237401819
강남구,차병원차움버스정류장그린스마트쉼터,서울특별시 강남구 도산대로 442,기타,10,24시간,203896.2824,547097.8894,127.0440766446581,37.52336171891937
강남구,포스코건너편버스정류장그린스마트쉼터,서울특별시 강남구 테헤란로 443,기타,10,24시간,204915.6928,545276.9549,127.05559653492642,37.50695017080282
강남구,포스코사거리버스정류장그린스마트쉼터,서울특별시 강남구 테헤란로 507,기타,10,24시간,205103.0982,545358.6262,127.05771665745532,37.50768501632933
강남구,프리마호텔버스정류장그린스마트쉼터1,서울특별시 강남구 도산대로 513,기타,10,24시간,204373.2344,547256.875,127.0494731022013,37.52479204572486
강남구,프리마호텔버스정류장그린스마트쉼터2,서울특별시 강남구 도산대로 532,기타,10,24시간,204560.5471,547207.2405,127.0515918064237,37.52434393124753
강남구,"한국무역센터,삼성역버스정류장그린스마트쉼터",서울특별시 강남구 테헤란로 517,기타,10,24시간,205280.9416,545465.8266,127.05972885640003,37.50864989670704
강남구,"한국무역센터,삼성역버스정류장그린스마트쉼터",서울특별시 강남구 테헤란로 518,기타,10,24시간,205357.8374,545342.788,127.0605976718045,37.50754087055872
강남구,"한국자산신탁,센터필드버스정류장그린스마트쉼터",서울특별시 강남구 테헤란로 306,기타,10,24시간,203886.3787,544780.6015,127.04395236382501,37.5024829066966
강남구,한양아파트버스정류장그린스마트쉼터,서울특별시 강남구 압구정로 343,기타,10,24시간,203538.3029,547664.4865,127.04002973480141,37.52846821165846
송파구,잠실역8번출구미세먼지프리존,서울특별시 송파구 신천동 8,기타,10,09:00~18:00,209030.0417,546069.0323,127.10213953419382,37.51405574590229
강동구,고덕리엔파크3단지경로당,"서울특별시 강동구 상일로 74 , 335-802(상일동, 고덕리엔파크3단지)",노인시설,30,09:00~18:00,215360.1065,550302.8882,127.17382768468795,37.552119041747446
강동구,선린경로당,"서울특별시 강동구 명일로10나길  5 , 선린경로당(둔촌동)",노인시설,40,09:00~18:00,212781.69,548012.6898,127.14460842296782,37.53152377791339
강동구,선사현대아파트경로당,"서울특별시 강동구 상암로 11 , 113-401(암사동, 선사현대아파트)",노인시설,56,09:00~18:00,211043.7519,550447.7452,127.12498254848771,37.55348600499164
강동구,안말경로당,서울특별시 강동구 풍성로45길 11,노인시설,42,09:00~18:00,211481.6813,547980.6802,127.12990002888334,37.531252465338646
